{
  "project_info": {
    "project_number": "822827629152",
    "firebase_url": "https://agendavirtual-eee50.firebaseio.com",
    "project_id": "agendavirtual-eee50",
    "storage_bucket": "agendavirtual-eee50.appspot.com"
  },
  "client": [
    {
      "client_info": {
        "mobilesdk_app_id": "1:822827629152:android:b2de74c0c8e4fac5a12105",
        "android_client_info": {
          "package_name": "br.edu.infnet.agendavirtual"
        }
      },
      "oauth_client": [
        {
          "client_id": "822827629152-bnqlvi56pvmf22kiq1ardo5g5klhpehb.apps.googleusercontent.com",
          "client_type": 1,
          "android_info": {
            "package_name": "br.edu.infnet.agendavirtual",
            "certificate_hash": "b8c411ec62729a8d1c3196645932df329462ca1b"
          }
        },
        {
          "client_id": "822827629152-65qqsgu3mf3r9d2c5l4g824hkb4ji861.apps.googleusercontent.com",
          "client_type": 3
        }
      ],
      "api_key": [
        {
          "current_key": "AIzaSyBNfyMycS-pEAPLyic3ZCQsXFTzAswBKqs"
        }
      ],
      "services": {
        "appinvite_service": {
          "other_platform_oauth_client": [
            {
              "client_id": "822827629152-65qqsgu3mf3r9d2c5l4g824hkb4ji861.apps.googleusercontent.com",
              "client_type": 3
            }
          ]
        }
      }
    },
    {
      "client_info": {
        "mobilesdk_app_id": "1:822827629152:android:09a3362bdc1a2b3ca12105",
        "android_client_info": {
          "package_name": "br.edu.infnet.formulariocadastrosalvandofirebase"
        }
      },
      "oauth_client": [
        {
          "client_id": "822827629152-65qqsgu3mf3r9d2c5l4g824hkb4ji861.apps.googleusercontent.com",
          "client_type": 3
        }
      ],
      "api_key": [
        {
          "current_key": "AIzaSyBNfyMycS-pEAPLyic3ZCQsXFTzAswBKqs"
        }
      ],
      "services": {
        "appinvite_service": {
          "other_platform_oauth_client": [
            {
              "client_id": "822827629152-65qqsgu3mf3r9d2c5l4g824hkb4ji861.apps.googleusercontent.com",
              "client_type": 3
            }
          ]
        }
      }
    }
  ],
  "configuration_version": "1"
}